{
  "北海道 札幌市 札幌市豊平川さけ科学館": [
    43.0010659,
    141.343248
  ],
  "北海道 札幌市 サンピアザ水族館": [
    43.036808,
    141.4717964
  ],
  "北海道 札幌市 AOAO SAPPORO": [
    43.057763,
    141.3535774
  ],
  "北海道 千歳市 サケのふるさと千歳水族館": [
    42.8329229,
    141.6591748
  ],
  "北海道 小樽市 おたる水族館": [
    43.237007,
    141.0114018
  ],
  "北海道 室蘭市 市立室蘭水族館": [
    42.3398313,
    140.9439762
  ],
  "北海道 標津町 標津サーモン科学館": [
    43.6592967,
    145.1151733
  ],
  "北海道 旭川市 旭川市 旭山動物園": [
    43.7686424,
    142.4792729
  ],
  "北海道 美深町 美深チョウザメ館": [
    44.5572161,
    142.3245838
  ],
  "青森県 八戸市 八戸市水産科学館マリエント": [
    40.5396437,
    141.5627763
  ],
  "宮城県 仙台市 仙台うみの杜水族館": [
    38.2710627,
    140.9804667
  ],
  "宮城県 仙台市 仙台市八木山動物公園": [
    38.2457859,
    140.8460443
  ],
  "山形県 鶴岡市 鶴岡市立加茂水族館": [
    38.7616467,
    139.7246984
  ],
  "福島県 いわき市 アクアマリンふくしま": [
    36.9425928,
    140.9010779
  ],
  "栃木県 大田原市 栃木県なかがわ水遊園": [
    36.7886682,
    140.1290051
  ],
  "群馬県 桐生市 桐生が岡動物園": [
    36.4206189,
    139.3397621
  ],
  "茨城県 大洗町 アクアワールド 茨城県大洗水族館": [
    36.3333185,
    140.593871
  ],
  "茨城県 かすみがうら市 かすみがうら市水族館": [
    36.0716321,
    140.3760291
  ],
  "埼玉県 羽生市 さいたま水族館": [
    36.1731966,
    139.5978047
  ],
  "千葉県 鴨川市 鴨川シーワールド": [
    35.1152464,
    140.1190315
  ],
  "東京都 足立区 足立区生物園": [
    35.7923576,
    139.8071899
  ],
  "東京都 品川区 しながわ水族館": [
    35.5886394,
    139.7374728
  ],
  "東京都 港区 マクセル アクアパーク品川": [
    35.628389,
    139.7357544
  ],
  "東京都 墨田区 すみだ水族館": [
    35.7101011,
    139.8093338
  ],
  "東京都 江戸川区 葛西臨海水族園": [
    35.6406595,
    139.8620492
  ],
  "東京都 豊島区 サンシャイン水族館": [
    35.7291388,
    139.7202726
  ],
  "東京都 小笠原町 小笠原海洋センター": [
    27.0939245,
    142.2037854
  ],
  "神奈川県 横浜市 横浜・八景島シーパラダイス": [
    35.3365026,
    139.6457835
  ],
  "神奈川県 藤沢市 新江ノ島水族館": [
    35.310075,
    139.4794388
  ],
  "神奈川県 横須賀市 観音崎自然博物館": [
    35.251788,
    139.742333
  ],
  "神奈川県 相模原市 相模川ふれあい科学館 アクアリウムさがみはら": [
    35.5474136,
    139.3288881
  ],
  "神奈川県 箱根町 箱根園水族館": [
    35.2122439,
    139.0093068
  ],
  "神奈川県 川崎市 カワスイ 川崎水族館": [
    35.5292942,
    139.6968358
  ],
  "神奈川県 川崎市 よみうりランド": [
    35.6248943,
    139.5158633
  ],
  "新潟県 長岡市 長岡市寺泊水族博物館": [
    37.6338595,
    138.760273
  ],
  "新潟県 上越市 上越市立水族博物館 うみがたり": [
    37.1735213,
    138.2329915
  ],
  "新潟県 村上市 イヨボヤ会館": [
    38.2277764,
    139.4714764
  ],
  "新潟県 小千谷市 小千谷市錦鯉の里": [
    37.3110039,
    138.7954153
  ],
  "富山県 魚津市 魚津水族館": [
    36.7983076,
    137.388119
  ],
  "石川県 七尾市 のとじま水族館": [
    37.148723,
    136.9821597
  ],
  "石川県 能登町 のと海洋ふれあいセンター": [
    37.304877,
    137.240809
  ],
  "福井県 坂井市 越前松島水族館": [
    36.2526485,
    136.1466764
  ],
  "福井県 越前町 越前がにミュージアム": [
    35.921722,
    135.997683
  ],
  "福井県 若狭町 福井県海浜自然センター": [
    35.5644665,
    135.8414667
  ],
  "長野県 茅野市 蓼科アミューズメント水族館": [
    36.0662657,
    138.3028697
  ],
  "静岡県 沼津市 沼津港深海水族館": [
    35.0840228,
    138.8581762
  ],
  "静岡県 沼津市 伊豆・三津シーパラダイス": [
    35.0196583,
    138.8961819
  ],
  "静岡県 下田市 下田海中水族館": [
    34.6661667,
    138.9460634
  ],
  "静岡県 浜松市 浜名湖体験学習施設 ウォット": [
    34.697483,
    137.6058449
  ],
  "愛知県 名古屋市 名古屋港水族館": [
    35.09097,
    136.8780335
  ],
  "愛知県 美浜町 南知多ビーチランド": [
    34.7868063,
    136.8547061
  ],
  "愛知県 蒲郡市 竹島水族館": [
    34.8171414,
    137.2318491
  ],
  "三重県 鳥羽市 鳥羽水族館": [
    34.4820148,
    136.8453304
  ],
  "滋賀県 草津市 滋賀県立琵琶湖博物館": [
    35.0738256,
    135.9347759
  ],
  "滋賀県 長浜市 小さなびわ湖水族館": [
    35.3789514,
    136.2660672
  ],
  "京都府 京都市 京都水族館": [
    34.9875543,
    135.7478778
  ],
  "京都府 京都市 花園教会水族館": [
    35.0109804,
    135.7694346
  ],
  "大阪府 大阪市 海遊館": [
    34.6545464,
    135.4289211
  ],
  "大阪府 吹田市 ニフレル": [
    34.8062757,
    135.5336456
  ],
  "兵庫県 神戸市 神戸須磨シーワールド": [
    34.6439517,
    135.12784
  ],
  "兵庫県 神戸市 átoa（アトア）": [
    34.683244,
    135.1936099
  ],
  "兵庫県 姫路市 姫路市立水族館": [
    34.8226563,
    134.6763377
  ],
  "兵庫県 豊岡市 城崎マリンワールド": [
    35.6557822,
    134.8240505
  ],
  "和歌山県 海南市 和歌山県立自然博物館": [
    34.1586779,
    135.1920762
  ],
  "和歌山県 白浜町 アドベンチャーワールド": [
    33.6658997,
    135.3724345
  ],
  "和歌山県 太地町 太地町立くじらの博物館": [
    33.6018725,
    135.9457777
  ],
  "和歌山県 太地町 ドルフィンリゾート": [
    33.5987301,
    135.9370203
  ],
  "鳥取県 鳥取市 とっとり賀露かにっこ館": [
    35.5345849,
    134.1789117
  ],
  "香川県 高松市 新屋島水族館": [
    34.3580735,
    134.0997137
  ],
  "香川県 宇多津町 四国水族館": [
    34.3123308,
    133.8077902
  ],
  "香川県 さぬき市 日本ドルフィンセンター": [
    34.2875346,
    134.2676815
  ],
  "徳島県 美波町 日和佐うみがめ博物館カレッタ": [
    33.7348537,
    134.5409388
  ],
  "愛媛県 今治市 ドルフィンファームしまなみ": [
    34.2006476,
    133.0760666
  ],
  "高知県 高知市 桂浜水族館": [
    33.4972686,
    133.573653
  ],
  "高知県 室戸市 むろと廃校水族館": [
    33.3257892,
    134.1950297
  ],
  "高知県 室戸市 室戸ドルフィンセンター": [
    33.2682346,
    134.1596277
  ],
  "福岡県 北九州市 北九州市水環境館": [
    33.8843504,
    130.8776027
  ],
  "大分県 大分市 大分マリーンパレス水族館「うみたまご」": [
    33.2589684,
    131.5356401
  ],
  "大分県 別府市 白池地獄": [
    33.3153269,
    131.4741443
  ],
  "宮崎県 宮崎市 大淀川学習館": [
    35.0262313,
    135.7783187
  ],
  "宮崎県 高千穂町 高千穂峡淡水魚水族館": [
    32.702147,
    131.3006739
  ],
  "宮崎県 延岡市 すみえファミリー水族館": [
    32.661755,
    131.7680697
  ],
  "長崎県 長崎市 長崎ペンギン水族館": [
    32.758177,
    129.946765
  ],
  "長崎県 佐世保市 九十九島水族館「海きらら」": [
    33.1611395,
    129.6791481
  ],
  "長崎県 壱岐市 壱岐イルカパーク": [
    33.8607595,
    129.703766
  ],
  "鹿児島県 鹿児島市 いおワールドかごしま水族館": [
    31.5959379,
    130.5645832
  ],
  "鹿児島県 奄美市 奄美海洋展示館": [
    28.4025796,
    129.455333
  ],
  "沖縄県 本部町 沖縄美ら海水族館": [
    26.6943689,
    127.878038
  ],
  "千葉県 館山市 波左間海中公園": [
    34.9751188,
    139.7830763
  ]
}